No,Kode Soal,Level,Subtopik,Indikator,Taksonomi,Pertanyaan,Pilihan A,Pilihan B,Pilihan C,Pilihan D,Kunci,Indeks Jawaban,Pembahasan,Waktu (detik),Sesi Rekomendasi,Jika Benar,Jika Salah,Status Validasi,Cek Kelengkapan,Cek Kunci,Cek Duplikasi Opsi,Cek Final
1,P04-001,Mudah,Penjumlahan penyebut sama,Menjumlahkan pecahan berpenyebut sama,C2-C3,Hasil paling sederhana dari 2/8 + 3/8 adalah ...,3/8,5/8,5/16,1/8,B,2,2/8 + 3/8 = 5/8.,45,Sesi 1 - Pemetaan,Naik/pertahankan level; lanjut soal berikutnya,Berikan soal setara lebih mudah dan catat subtopik lemah,Siap ditinjau guru,OK,OK,OK,Siap
2,P04-002,Mudah,Pengurangan penyebut sama,Mengurangkan pecahan berpenyebut sama,C2-C3,Hasil paling sederhana dari 7/10 - 4/10 adalah ...,3/10,3/20,11/10,1/10,A,1,7/10 - 4/10 = 3/10.,45,Sesi 1 - Pemetaan,Naik/pertahankan level; lanjut soal berikutnya,Berikan soal setara lebih mudah dan catat subtopik lemah,Siap ditinjau guru,OK,OK,OK,Siap
3,P04-003,Mudah,Penjumlahan penyebut sama,Menjumlahkan pecahan berpenyebut sama,C2-C3,Nilai 1/5 + 2/5 adalah ...,2/10,3/5,3/10,1/5,B,2,1/5 + 2/5 = 3/5.,45,Sesi 1 - Pemetaan,Naik/pertahankan level; lanjut soal berikutnya,Berikan soal setara lebih mudah dan catat subtopik lemah,Siap ditinjau guru,OK,OK,OK,Siap
4,P04-004,Mudah,Pengurangan penyebut sama,Mengurangkan pecahan berpenyebut sama,C2-C3,Hasil paling sederhana dari 6/9 - 2/9 adalah ...,4/9,4/18,8/9,2/9,A,1,6/9 - 2/9 = 4/9.,45,Sesi 1 - Pemetaan,Naik/pertahankan level; lanjut soal berikutnya,Berikan soal setara lebih mudah dan catat subtopik lemah,Siap ditinjau guru,OK,OK,OK,Siap
5,P04-005,Mudah,Penjumlahan penyebut berbeda,Menyederhanakan hasil penjumlahan,C2-C3,Hasil paling sederhana dari 3/12 + 5/12 adalah ...,8/24,2/3,5/12,1/3,B,2,3/12 + 5/12 = 8/12 = 2/3.,45,Sesi 1 - Pemetaan,Naik/pertahankan level; lanjut soal berikutnya,Berikan soal setara lebih mudah dan catat subtopik lemah,Siap ditinjau guru,OK,OK,OK,Siap
6,P04-006,Mudah,Pengurangan penyebut berbeda,Menyederhanakan hasil pengurangan,C2-C3,Hasil paling sederhana dari 9/10 - 3/10 adalah ...,3/10,3/5,6/20,12/10,B,2,9/10 - 3/10 = 6/10 = 3/5.,45,Sesi 1 - Pemetaan,Naik/pertahankan level; lanjut soal berikutnya,Berikan soal setara lebih mudah dan catat subtopik lemah,Siap ditinjau guru,OK,OK,OK,Siap
7,P04-007,Mudah,Penjumlahan penyebut sama,Menjumlahkan dua pecahan sama,C2-C3,Nilai 1/4 + 1/4 adalah ...,1/8,1/2,2/3,1/4,B,2,1/4 + 1/4 = 2/4 = 1/2.,45,Sesi 1 - Pemetaan,Naik/pertahankan level; lanjut soal berikutnya,Berikan soal setara lebih mudah dan catat subtopik lemah,Siap ditinjau guru,OK,OK,OK,Siap
8,P04-008,Mudah,Pengurangan penyebut berbeda,Menyederhanakan hasil pengurangan,C2-C3,Hasil paling sederhana dari 5/6 - 1/6 adalah ...,4/6,2/3,1/6,5/12,B,2,5/6 - 1/6 = 4/6 = 2/3.,45,Sesi 1 - Pemetaan,Naik/pertahankan level; lanjut soal berikutnya,Berikan soal setara lebih mudah dan catat subtopik lemah,Siap ditinjau guru,OK,OK,OK,Siap
9,P04-009,Mudah,Pecahan senilai,Mengenali pecahan senilai,C2-C3,Pecahan yang senilai dengan 1/2 adalah ...,2/3,3/6,4/10,5/12,B,2,1/2 dikali 3/3 menjadi 3/6.,45,Sesi 1 - Pemetaan,Naik/pertahankan level; lanjut soal berikutnya,Berikan soal setara lebih mudah dan catat subtopik lemah,Siap ditinjau guru,OK,OK,OK,Siap
10,P04-010,Mudah,Penjumlahan penyebut berbeda,Menjumlahkan pecahan menjadi satu utuh,C2-C3,Nilai 2/3 + 1/3 adalah ...,2/6,3/6,1,1/3,C,3,2/3 + 1/3 = 3/3 = 1.,45,Sesi 1 - Pemetaan,Naik/pertahankan level; lanjut soal berikutnya,Berikan soal setara lebih mudah dan catat subtopik lemah,Siap ditinjau guru,OK,OK,OK,Siap
11,P04-011,Mudah,Pengurangan penyebut berbeda,Mengurangkan pecahan dari satu utuh,C2-C3,Hasil dari 1 - 3/8 adalah ...,3/8,4/8,5/8,6/8,C,3,"1 = 8/8, sehingga 8/8 - 3/8 = 5/8.",45,Sesi 1 - Pemetaan,Naik/pertahankan level; lanjut soal berikutnya,Berikan soal setara lebih mudah dan catat subtopik lemah,Siap ditinjau guru,OK,OK,OK,Siap
12,P04-012,Mudah,Penjumlahan penyebut sama,Menjumlahkan pecahan berpenyebut sama,C2-C3,Nilai 4/7 + 2/7 adalah ...,6/7,6/14,2/7,1,A,1,4/7 + 2/7 = 6/7.,45,Sesi 1 - Pemetaan,Naik/pertahankan level; lanjut soal berikutnya,Berikan soal setara lebih mudah dan catat subtopik lemah,Siap ditinjau guru,OK,OK,OK,Siap
13,P04-013,Mudah,Pengurangan penyebut berbeda,Menyederhanakan hasil pengurangan,C2-C3,Hasil paling sederhana dari 11/12 - 5/12 adalah ...,6/12,1/2,5/7,1/3,B,2,11/12 - 5/12 = 6/12 = 1/2.,45,Sesi 1 - Pemetaan,Naik/pertahankan level; lanjut soal berikutnya,Berikan soal setara lebih mudah dan catat subtopik lemah,Siap ditinjau guru,OK,OK,OK,Siap
14,P04-014,Mudah,Soal cerita operasi pecahan,Menyelesaikan soal cerita penjumlahan,C2-C3,Rani menggunakan 2/9 meter pita merah dan 4/9 meter pita biru. Jumlah pita yang digunakan adalah ...,2/3 meter,6/18 meter,4/9 meter,8/9 meter,A,1,2/9 + 4/9 = 6/9 = 2/3 meter.,45,Sesi 1 - Pemetaan,Naik/pertahankan level; lanjut soal berikutnya,Berikan soal setara lebih mudah dan catat subtopik lemah,Siap ditinjau guru,OK,OK,OK,Siap
15,P04-015,Mudah,Soal cerita menentukan sisa,Menyelesaikan soal cerita pengurangan,C2-C3,Sebuah pizza tersisa 7/8 bagian. Kemudian dimakan 3/8 bagian. Sisa pizza adalah ...,3/8,1/2,5/8,7/16,B,2,7/8 - 3/8 = 4/8 = 1/2.,45,Sesi 1 - Pemetaan,Naik/pertahankan level; lanjut soal berikutnya,Berikan soal setara lebih mudah dan catat subtopik lemah,Siap ditinjau guru,OK,OK,OK,Siap
16,P04-016,Mudah,Operasi campuran multi-langkah,Menghitung tiga pecahan berpenyebut sama,C2-C3,Hasil paling sederhana dari 3/5 + 1/5 - 2/5 adalah ...,2/5,4/5,1/5,2/15,A,1,(3 + 1 - 2)/5 = 2/5.,45,Sesi 2 - Latihan,Naik/pertahankan level; lanjut soal berikutnya,Berikan soal setara lebih mudah dan catat subtopik lemah,Siap ditinjau guru,OK,OK,OK,Siap
17,P04-017,Mudah,Penjumlahan penyebut sama,Menjumlahkan pecahan berpenyebut sama,C2-C3,Nilai dari 2/6 + 3/6 adalah ...,5/6,5/12,1/6,1,A,1,2/6 + 3/6 = 5/6.,45,Sesi 2 - Latihan,Naik/pertahankan level; lanjut soal berikutnya,Berikan soal setara lebih mudah dan catat subtopik lemah,Siap ditinjau guru,OK,OK,OK,Siap
18,P04-018,Sedang,Penjumlahan penyebut berbeda,Menjumlahkan pecahan berpenyebut berbeda,C3,Hasil paling sederhana dari 1/2 + 1/4 adalah ...,2/6,3/4,1/6,1,B,2,"1/2 = 2/4, sehingga 2/4 + 1/4 = 3/4.",60,Sesi 2 - Latihan,Naik/pertahankan level; lanjut soal berikutnya,Berikan soal setara lebih mudah dan catat subtopik lemah,Siap ditinjau guru,OK,OK,OK,Siap
19,P04-019,Sedang,Pengurangan penyebut berbeda,Mengurangkan pecahan berpenyebut berbeda,C3,Hasil dari 3/4 - 1/2 adalah ...,1/4,2/2,2/4,1/2,A,1,"1/2 = 2/4, sehingga 3/4 - 2/4 = 1/4.",60,Sesi 2 - Latihan,Naik/pertahankan level; lanjut soal berikutnya,Berikan soal setara lebih mudah dan catat subtopik lemah,Siap ditinjau guru,OK,OK,OK,Siap
20,P04-020,Sedang,Penjumlahan penyebut berbeda,Menjumlahkan dengan KPK 6,C3,Nilai 2/3 + 1/6 adalah ...,3/9,5/6,1/2,3/6,B,2,"2/3 = 4/6, sehingga 4/6 + 1/6 = 5/6.",60,Sesi 2 - Latihan,Naik/pertahankan level; lanjut soal berikutnya,Berikan soal setara lebih mudah dan catat subtopik lemah,Siap ditinjau guru,OK,OK,OK,Siap
21,P04-021,Sedang,Pengurangan penyebut berbeda,Mengurangkan dengan KPK 6,C3,Hasil paling sederhana dari 5/6 - 1/3 adalah ...,4/3,1/2,4/6,2/3,B,2,"1/3 = 2/6, sehingga 5/6 - 2/6 = 3/6 = 1/2.",60,Sesi 2 - Latihan,Naik/pertahankan level; lanjut soal berikutnya,Berikan soal setara lebih mudah dan catat subtopik lemah,Siap ditinjau guru,OK,OK,OK,Siap
22,P04-022,Sedang,Penjumlahan penyebut berbeda,Menjumlahkan dengan KPK 10,C3,Nilai 3/5 + 1/10 adalah ...,4/15,7/10,4/10,2/5,B,2,"3/5 = 6/10, sehingga 6/10 + 1/10 = 7/10.",60,Sesi 2 - Latihan,Naik/pertahankan level; lanjut soal berikutnya,Berikan soal setara lebih mudah dan catat subtopik lemah,Siap ditinjau guru,OK,OK,OK,Siap
23,P04-023,Sedang,Pengurangan penyebut berbeda,Mengurangkan dengan penyebut 8,C3,Hasil dari 7/8 - 1/4 adalah ...,6/4,5/8,3/8,6/8,B,2,"1/4 = 2/8, sehingga 7/8 - 2/8 = 5/8.",60,Sesi 2 - Latihan,Naik/pertahankan level; lanjut soal berikutnya,Berikan soal setara lebih mudah dan catat subtopik lemah,Siap ditinjau guru,OK,OK,OK,Siap
24,P04-024,Sedang,Operasi pecahan campuran,Menjumlahkan pecahan campuran sederhana,C3,Nilai 1 1/2 + 1/4 adalah ...,1 2/6,1 3/4,2,1 1/4,B,2,"1 1/2 = 1 2/4, lalu ditambah 1/4 menjadi 1 3/4.",60,Sesi 2 - Latihan,Naik/pertahankan level; lanjut soal berikutnya,Berikan soal setara lebih mudah dan catat subtopik lemah,Siap ditinjau guru,OK,OK,OK,Siap
25,P04-025,Sedang,Operasi pecahan campuran,Mengurangkan pecahan dari bilangan bulat,C3,Hasil dari 2 - 3/5 adalah ...,1 2/5,1 3/5,2 2/5,3/5,A,1,"2 = 1 5/5, lalu 1 5/5 - 3/5 = 1 2/5.",60,Sesi 2 - Latihan,Naik/pertahankan level; lanjut soal berikutnya,Berikan soal setara lebih mudah dan catat subtopik lemah,Siap ditinjau guru,OK,OK,OK,Siap
26,P04-026,Sedang,Pengurangan penyebut berbeda,Mengurangkan dengan KPK 12,C3,Hasil paling sederhana dari 2/3 - 1/4 adalah ...,1/12,5/12,1/7,3/4,B,2,"2/3 = 8/12 dan 1/4 = 3/12, hasil 5/12.",60,Sesi 2 - Latihan,Naik/pertahankan level; lanjut soal berikutnya,Berikan soal setara lebih mudah dan catat subtopik lemah,Siap ditinjau guru,OK,OK,OK,Siap
27,P04-027,Sedang,Penjumlahan penyebut berbeda,Menjumlahkan dengan penyebut 8,C3,Nilai 3/8 + 1/2 adalah ...,4/10,7/8,3/4,1,B,2,"1/2 = 4/8, sehingga 3/8 + 4/8 = 7/8.",60,Sesi 2 - Latihan,Naik/pertahankan level; lanjut soal berikutnya,Berikan soal setara lebih mudah dan catat subtopik lemah,Siap ditinjau guru,OK,OK,OK,Siap
28,P04-028,Sedang,Penjumlahan penyebut berbeda,Menjumlahkan dua pecahan menjadi lebih dari satu,C3,Hasil dari 5/6 + 1/4 adalah ...,1 1/12,6/10,1 5/24,11/12,A,1,"5/6 = 10/12 dan 1/4 = 3/12, jadi 13/12 = 1 1/12.",60,Sesi 2 - Latihan,Naik/pertahankan level; lanjut soal berikutnya,Berikan soal setara lebih mudah dan catat subtopik lemah,Siap ditinjau guru,OK,OK,OK,Siap
29,P04-029,Sedang,Operasi pecahan campuran,Mengurangkan pecahan campuran,C3,Nilai 1 3/4 - 2/3 adalah ...,1 1/12,1 5/12,13/24,1 1/3,A,1,7/4 - 2/3 = 21/12 - 8/12 = 13/12 = 1 1/12.,60,Sesi 2 - Latihan,Naik/pertahankan level; lanjut soal berikutnya,Berikan soal setara lebih mudah dan catat subtopik lemah,Siap ditinjau guru,OK,OK,OK,Siap
30,P04-030,Sedang,Soal cerita operasi pecahan,Soal cerita penjumlahan pecahan berbeda penyebut,C3,Ibu memiliki 3/4 liter sirup lalu menambah 1/2 liter. Jumlah sirup sekarang adalah ...,1 1/4 liter,1/4 liter,5/8 liter,1 1/2 liter,A,1,3/4 + 1/2 = 3/4 + 2/4 = 5/4 = 1 1/4 liter.,60,Sesi 2 - Latihan,Naik/pertahankan level; lanjut soal berikutnya,Berikan soal setara lebih mudah dan catat subtopik lemah,Siap ditinjau guru,OK,OK,OK,Siap
31,P04-031,Sedang,Soal cerita operasi pecahan,Soal cerita pengurangan pecahan,C3,"Dari 5/6 bagian kebun yang ditanami, 1/4 bagian kebun dipanen. Bagian kebun yang masih ditanami adalah ...",7/12,4/10,1/2,3/8,A,1,5/6 - 1/4 = 10/12 - 3/12 = 7/12.,60,Sesi 3 - Pendalaman,Naik/pertahankan level; lanjut soal berikutnya,Berikan soal setara lebih mudah dan catat subtopik lemah,Siap ditinjau guru,OK,OK,OK,Siap
32,P04-032,Sedang,Soal cerita operasi pecahan,Soal cerita penjumlahan dengan KPK 20,C3,Dina membaca 2/5 bagian buku pada Senin dan 1/4 bagian pada Selasa. Total bagian yang dibaca adalah ...,3/9,13/20,3/10,7/20,B,2,"2/5 = 8/20 dan 1/4 = 5/20, total 13/20.",60,Sesi 3 - Pendalaman,Naik/pertahankan level; lanjut soal berikutnya,Berikan soal setara lebih mudah dan catat subtopik lemah,Siap ditinjau guru,OK,OK,OK,Siap
33,P04-033,Sedang,Soal cerita menentukan sisa,Soal cerita pengurangan dengan KPK 24,C3,Sebuah tangki berisi 7/8 bagian air. Sebanyak 1/3 bagian tangki digunakan. Sisa air adalah ...,13/24,4/5,6/11,1/2,A,1,"7/8 = 21/24 dan 1/3 = 8/24, sisa 13/24.",60,Sesi 3 - Pendalaman,Naik/pertahankan level; lanjut soal berikutnya,Berikan soal setara lebih mudah dan catat subtopik lemah,Siap ditinjau guru,OK,OK,OK,Siap
34,P04-034,Sedang,Operasi campuran multi-langkah,Menjumlahkan tiga pecahan berbeda penyebut,C3,Hasil dari 1/2 + 1/3 + 1/6 adalah ...,5/6,1,2/3,1 1/6,B,2,3/6 + 2/6 + 1/6 = 6/6 = 1.,60,Sesi 3 - Pendalaman,Naik/pertahankan level; lanjut soal berikutnya,Berikan soal setara lebih mudah dan catat subtopik lemah,Siap ditinjau guru,OK,OK,OK,Siap
35,P04-035,Sulit,Operasi campuran multi-langkah,Operasi tiga pecahan,C4,Hasil paling sederhana dari 3/4 + 2/3 - 1/6 adalah ...,1 1/4,1 1/6,1 5/12,11/12,A,1,9/12 + 8/12 - 2/12 = 15/12 = 1 1/4.,90,Sesi 3 - Pendalaman,Naik/pertahankan level; lanjut soal berikutnya,Berikan soal setara lebih mudah dan catat subtopik lemah,Siap ditinjau guru,OK,OK,OK,Siap
36,P04-036,Sulit,Operasi pecahan campuran,Pengurangan pecahan campuran,C4,Nilai 2 1/5 - 3/4 adalah ...,1 9/20,1 7/20,1 1/4,29/10,A,1,"2 1/5 = 44/20 dan 3/4 = 15/20, hasil 29/20 = 1 9/20.",90,Sesi 3 - Pendalaman,Naik/pertahankan level; lanjut soal berikutnya,Berikan soal setara lebih mudah dan catat subtopik lemah,Siap ditinjau guru,OK,OK,OK,Siap
37,P04-037,Sulit,Operasi pecahan campuran,Penjumlahan pecahan campuran,C4,Hasil dari 1 2/3 + 3/4 adalah ...,2 5/12,2 1/4,1 5/7,29/24,A,1,5/3 + 3/4 = 20/12 + 9/12 = 29/12 = 2 5/12.,90,Sesi 3 - Pendalaman,Naik/pertahankan level; lanjut soal berikutnya,Berikan soal setara lebih mudah dan catat subtopik lemah,Siap ditinjau guru,OK,OK,OK,Siap
38,P04-038,Sulit,Operasi campuran multi-langkah,Operasi dengan tanda kurung,C4,Nilai 3 - (5/8 + 3/4) adalah ...,1 5/8,1 3/8,2 1/8,13/24,A,1,"5/8 + 3/4 = 11/8. Lalu 3 = 24/8, sehingga sisanya 13/8 = 1 5/8.",90,Sesi 3 - Pendalaman,Naik/pertahankan level; lanjut soal berikutnya,Berikan soal setara lebih mudah dan catat subtopik lemah,Siap ditinjau guru,OK,OK,OK,Siap
39,P04-039,Sulit,Soal cerita pecahan campuran,Soal cerita dua kali pengurangan,C4,Ibu mempunyai 2 1/2 kg beras. Digunakan 3/4 kg dan 2/5 kg. Sisa beras adalah ...,1 7/20 kg,1 3/20 kg,1 9/20 kg,27/10 kg,A,1,2 1/2 - 3/4 - 2/5 = 50/20 - 15/20 - 8/20 = 27/20 = 1 7/20 kg.,90,Sesi 3 - Pendalaman,Naik/pertahankan level; lanjut soal berikutnya,Berikan soal setara lebih mudah dan catat subtopik lemah,Siap ditinjau guru,OK,OK,OK,Siap
40,P04-040,Sulit,Soal cerita pecahan campuran,Soal cerita multi-langkah,C4,Pita sepanjang 3 1/4 meter dipotong 5/6 meter dan 3/8 meter. Sisa pita adalah ...,2 1/24 meter,2 5/24 meter,1 23/24 meter,49/12 meter,A,1,3 1/4 = 78/24. Potongan = 20/24 + 9/24 = 29/24. Sisa 49/24 = 2 1/24 meter.,90,Sesi 3 - Pendalaman,Naik/pertahankan level; lanjut soal berikutnya,Berikan soal setara lebih mudah dan catat subtopik lemah,Siap ditinjau guru,OK,OK,OK,Siap
41,P04-041,Sulit,Soal cerita menentukan sisa,Menentukan sisa dari satu keseluruhan,C4,Sebanyak 2/5 siswa pergi ke sekolah dengan berjalan kaki dan 1/3 dengan sepeda. Sisanya menggunakan kendaraan lain. Pecahan siswa yang menggunakan kendaraan lain adalah ...,4/15,11/15,3/8,1/5,A,1,2/5 + 1/3 = 11/15. Sisa = 15/15 - 11/15 = 4/15.,90,Sesi 3 - Pendalaman,Naik/pertahankan level; lanjut soal berikutnya,Berikan soal setara lebih mudah dan catat subtopik lemah,Siap ditinjau guru,OK,OK,OK,Siap
42,P04-042,Sulit,Soal cerita operasi pecahan,Operasi tiga pecahan dalam konteks,C4,Tangki diisi 3/7 bagian pada pagi hari dan 2/5 bagian pada siang hari. Kemudian 1/10 bagian bocor. Isi akhir tangki adalah ...,51/70,41/70,9/12,4/7,A,1,3/7 + 2/5 - 1/10 = 30/70 + 28/70 - 7/70 = 51/70.,90,Sesi 3 - Pendalaman,Naik/pertahankan level; lanjut soal berikutnya,Berikan soal setara lebih mudah dan catat subtopik lemah,Siap ditinjau guru,OK,OK,OK,Siap
43,P04-043,Sulit,Operasi campuran multi-langkah,Operasi tiga pecahan dengan KPK 24,C4,Nilai 5/6 + 7/12 - 3/8 adalah ...,1 1/24,25/48,1 5/24,11/12,A,1,20/24 + 14/24 - 9/24 = 25/24 = 1 1/24.,90,Sesi 3 - Pendalaman,Naik/pertahankan level; lanjut soal berikutnya,Berikan soal setara lebih mudah dan catat subtopik lemah,Siap ditinjau guru,OK,OK,OK,Siap
44,P04-044,Sulit,Persamaan pecahan sederhana,Menentukan nilai yang belum diketahui,C4,"Jumlah dua pecahan adalah 1 1/6. Jika salah satunya 3/4, pecahan yang lain adalah ...",5/12,7/12,1/3,11/24,A,1,1 1/6 = 7/6. Jadi 7/6 - 3/4 = 14/12 - 9/12 = 5/12.,90,Sesi 3 - Pendalaman,Naik/pertahankan level; lanjut soal berikutnya,Berikan soal setara lebih mudah dan catat subtopik lemah,Siap ditinjau guru,OK,OK,OK,Siap
45,P04-045,Sulit,Persamaan pecahan sederhana,Persamaan pecahan sederhana,C4,Nilai x yang memenuhi x + 5/12 = 1 1/4 adalah ...,5/6,7/12,10/24,1 2/3,A,1,1 1/4 = 15/12. Jadi x = 15/12 - 5/12 = 10/12 = 5/6.,90,Sesi 3 - Pendalaman,Naik/pertahankan level; lanjut soal berikutnya,Berikan soal setara lebih mudah dan catat subtopik lemah,Siap ditinjau guru,OK,OK,OK,Siap
46,P04-046,Sulit,Persamaan pecahan sederhana,Persamaan pengurangan pecahan,C4,Nilai x yang memenuhi 2 3/5 - x = 1 7/10 adalah ...,9/10,7/10,1 1/10,3/5,A,1,2 3/5 = 26/10. Maka x = 26/10 - 17/10 = 9/10.,90,Cadangan/Pengayaan,Naik/pertahankan level; lanjut soal berikutnya,Berikan soal setara lebih mudah dan catat subtopik lemah,Siap ditinjau guru,OK,OK,OK,Siap
47,P04-047,Sulit,Soal cerita menentukan sisa,Menentukan bagian sisa,C4,Sebuah kue terdiri atas 3/8 bagian cokelat dan 1/4 bagian keju. Sisanya rasa buah. Bagian rasa buah adalah ...,3/8,5/8,1/2,1/8,A,1,3/8 + 1/4 = 5/8. Sisa = 8/8 - 5/8 = 3/8.,90,Cadangan/Pengayaan,Naik/pertahankan level; lanjut soal berikutnya,Berikan soal setara lebih mudah dan catat subtopik lemah,Siap ditinjau guru,OK,OK,OK,Siap
48,P04-048,Sulit,Soal cerita menentukan sisa,Menentukan sisa setelah tiga bagian,C4,"Di rak buku, 2/7 bagian adalah buku sains, 1/3 buku cerita, dan 1/6 ensiklopedia. Sisanya buku lain. Bagian buku lain adalah ...",3/14,11/14,5/21,1/7,A,1,2/7 + 1/3 + 1/6 = 12/42 + 14/42 + 7/42 = 33/42 = 11/14. Sisa = 3/14.,90,Cadangan/Pengayaan,Naik/pertahankan level; lanjut soal berikutnya,Berikan soal setara lebih mudah dan catat subtopik lemah,Siap ditinjau guru,OK,OK,OK,Siap
49,P04-049,Sulit,Membandingkan hasil operasi,Membandingkan hasil dua operasi,C4,A = 3/4 + 1/6 dan B = 5/6 - 1/8. Pernyataan yang benar adalah ...,A lebih besar dari B sebesar 5/24,B lebih besar dari A sebesar 5/24,A = B,A lebih besar dari B sebesar 1/24,A,1,A = 11/12 = 22/24. B = 17/24. Selisihnya 5/24.,90,Cadangan/Pengayaan,Naik/pertahankan level; lanjut soal berikutnya,Berikan soal setara lebih mudah dan catat subtopik lemah,Siap ditinjau guru,OK,OK,OK,Siap
50,P04-050,Sulit,Soal cerita pecahan campuran,Soal cerita multi-langkah kompleks,C4,"Ibu memiliki 4 kg tepung. Digunakan 1 1/3 kg dan 3/4 kg, lalu membeli lagi 1/2 kg. Tepung sekarang adalah ...",2 5/12 kg,2 1/12 kg,3 5/12 kg,29/24 kg,A,1,4 - 1 1/3 - 3/4 + 1/2 = 48/12 - 16/12 - 9/12 + 6/12 = 29/12 = 2 5/12 kg.,90,Cadangan/Pengayaan,Naik/pertahankan level; lanjut soal berikutnya,Berikan soal setara lebih mudah dan catat subtopik lemah,Siap ditinjau guru,OK,OK,OK,Siap
